--
-- PostgreSQL database dump
--

-- Dumped from database version 13.3 (Debian 13.3-1.pgdg100+1)
-- Dumped by pg_dump version 13.3 (Debian 13.3-1.pgdg100+1)

SET statement_timeout = 0;
SET lock_timeout = 0;
SET idle_in_transaction_session_timeout = 0;
SET client_encoding = 'UTF8';
SET standard_conforming_strings = on;
SELECT pg_catalog.set_config('search_path', '', false);
SET check_function_bodies = false;
SET xmloption = content;
SET client_min_messages = warning;
SET row_security = off;

SET default_tablespace = '';

SET default_table_access_method = heap;

--
-- Name: department; Type: TABLE; Schema: public; Owner: shiftplanner
--

CREATE TABLE public.department (
    department_id bigint NOT NULL,
    abbreviated_name character varying(255) NOT NULL,
    name character varying(255) NOT NULL,
    lead_employee_id bigint
);


ALTER TABLE public.department OWNER TO shiftplanner;

--
-- Name: department_department_id_seq; Type: SEQUENCE; Schema: public; Owner: shiftplanner
--

ALTER TABLE public.department ALTER COLUMN department_id ADD GENERATED BY DEFAULT AS IDENTITY (
    SEQUENCE NAME public.department_department_id_seq
    START WITH 1
    INCREMENT BY 1
    NO MINVALUE
    NO MAXVALUE
    CACHE 1
);


--
-- Name: employee; Type: TABLE; Schema: public; Owner: shiftplanner
--

CREATE TABLE public.employee (
    id bigint NOT NULL,
    base64profile_pic character varying(1000000),
    city character varying(255),
    email character varying(255),
    first_name character varying(255),
    last_name character varying(255),
    num_holidays_left bigint NOT NULL,
    phone character varying(255),
    street character varying(255),
    username character varying(255),
    zipcode character varying(255),
    department_id bigint,
    preferred_shift_type_id bigint
);


ALTER TABLE public.employee OWNER TO shiftplanner;

--
-- Name: employee_holidays; Type: TABLE; Schema: public; Owner: shiftplanner
--

CREATE TABLE public.employee_holidays (
    employee_id bigint NOT NULL,
    holidays_holiday_id bigint NOT NULL
);


ALTER TABLE public.employee_holidays OWNER TO shiftplanner;

--
-- Name: employee_id_seq; Type: SEQUENCE; Schema: public; Owner: shiftplanner
--

ALTER TABLE public.employee ALTER COLUMN id ADD GENERATED BY DEFAULT AS IDENTITY (
    SEQUENCE NAME public.employee_id_seq
    START WITH 1
    INCREMENT BY 1
    NO MINVALUE
    NO MAXVALUE
    CACHE 1
);


--
-- Name: holiday; Type: TABLE; Schema: public; Owner: shiftplanner
--

CREATE TABLE public.holiday (
    holiday_id bigint NOT NULL,
    employee_id bigint NOT NULL,
    end_date date NOT NULL,
    request_date timestamp without time zone NOT NULL,
    start_date date NOT NULL,
    status integer,
    holiday_type_id_id bigint NOT NULL
);


ALTER TABLE public.holiday OWNER TO shiftplanner;

--
-- Name: holiday_holiday_id_seq; Type: SEQUENCE; Schema: public; Owner: shiftplanner
--

ALTER TABLE public.holiday ALTER COLUMN holiday_id ADD GENERATED BY DEFAULT AS IDENTITY (
    SEQUENCE NAME public.holiday_holiday_id_seq
    START WITH 1
    INCREMENT BY 1
    NO MINVALUE
    NO MAXVALUE
    CACHE 1
);


--
-- Name: holiday_type; Type: TABLE; Schema: public; Owner: shiftplanner
--

CREATE TABLE public.holiday_type (
    id bigint NOT NULL,
    description character varying(255) NOT NULL,
    name character varying(255) NOT NULL
);


ALTER TABLE public.holiday_type OWNER TO shiftplanner;

--
-- Name: holiday_type_id_seq; Type: SEQUENCE; Schema: public; Owner: shiftplanner
--

ALTER TABLE public.holiday_type ALTER COLUMN id ADD GENERATED BY DEFAULT AS IDENTITY (
    SEQUENCE NAME public.holiday_type_id_seq
    START WITH 1
    INCREMENT BY 1
    NO MINVALUE
    NO MAXVALUE
    CACHE 1
);


--
-- Name: message; Type: TABLE; Schema: public; Owner: shiftplanner
--

CREATE TABLE public.message (
    id bigint NOT NULL,
    content character varying(255) NOT NULL,
    date_time timestamp without time zone,
    sending_employee_id bigint NOT NULL,
    status integer,
    type bigint NOT NULL,
    message_channel_id bigint
);


ALTER TABLE public.message OWNER TO shiftplanner;

--
-- Name: message_channel; Type: TABLE; Schema: public; Owner: shiftplanner
--

CREATE TABLE public.message_channel (
    id bigint NOT NULL,
    description character varying(255) NOT NULL,
    name character varying(255) NOT NULL
);


ALTER TABLE public.message_channel OWNER TO shiftplanner;

--
-- Name: message_channel_employees; Type: TABLE; Schema: public; Owner: shiftplanner
--

CREATE TABLE public.message_channel_employees (
    message_channel_id bigint NOT NULL,
    employees_id bigint NOT NULL
);


ALTER TABLE public.message_channel_employees OWNER TO shiftplanner;

--
-- Name: message_channel_id_seq; Type: SEQUENCE; Schema: public; Owner: shiftplanner
--

ALTER TABLE public.message_channel ALTER COLUMN id ADD GENERATED BY DEFAULT AS IDENTITY (
    SEQUENCE NAME public.message_channel_id_seq
    START WITH 1
    INCREMENT BY 1
    NO MINVALUE
    NO MAXVALUE
    CACHE 1
);


--
-- Name: message_id_seq; Type: SEQUENCE; Schema: public; Owner: shiftplanner
--

ALTER TABLE public.message ALTER COLUMN id ADD GENERATED BY DEFAULT AS IDENTITY (
    SEQUENCE NAME public.message_id_seq
    START WITH 1
    INCREMENT BY 1
    NO MINVALUE
    NO MAXVALUE
    CACHE 1
);


--
-- Name: shift; Type: TABLE; Schema: public; Owner: shiftplanner
--

CREATE TABLE public.shift (
    id bigint NOT NULL,
    shift_date date NOT NULL,
    shift_type_id bigint
);


ALTER TABLE public.shift OWNER TO shiftplanner;

--
-- Name: shift_active_employees; Type: TABLE; Schema: public; Owner: shiftplanner
--

CREATE TABLE public.shift_active_employees (
    shift_id bigint NOT NULL,
    active_employees_id bigint NOT NULL
);


ALTER TABLE public.shift_active_employees OWNER TO shiftplanner;

--
-- Name: shift_id_seq; Type: SEQUENCE; Schema: public; Owner: shiftplanner
--

ALTER TABLE public.shift ALTER COLUMN id ADD GENERATED BY DEFAULT AS IDENTITY (
    SEQUENCE NAME public.shift_id_seq
    START WITH 1
    INCREMENT BY 1
    NO MINVALUE
    NO MAXVALUE
    CACHE 1
);


--
-- Name: shift_plan; Type: TABLE; Schema: public; Owner: shiftplanner
--

CREATE TABLE public.shift_plan (
    id bigint NOT NULL,
    valid_month date NOT NULL,
    department_department_id bigint
);


ALTER TABLE public.shift_plan OWNER TO shiftplanner;

--
-- Name: shift_plan_excluded_weekdays; Type: TABLE; Schema: public; Owner: shiftplanner
--

CREATE TABLE public.shift_plan_excluded_weekdays (
    shift_plan_id bigint NOT NULL,
    excluded_weekdays integer
);


ALTER TABLE public.shift_plan_excluded_weekdays OWNER TO shiftplanner;

--
-- Name: shift_plan_id_seq; Type: SEQUENCE; Schema: public; Owner: shiftplanner
--

ALTER TABLE public.shift_plan ALTER COLUMN id ADD GENERATED BY DEFAULT AS IDENTITY (
    SEQUENCE NAME public.shift_plan_id_seq
    START WITH 1
    INCREMENT BY 1
    NO MINVALUE
    NO MAXVALUE
    CACHE 1
);


--
-- Name: shift_plan_shift_types; Type: TABLE; Schema: public; Owner: shiftplanner
--

CREATE TABLE public.shift_plan_shift_types (
    shift_plan_id bigint NOT NULL,
    shift_types_id bigint NOT NULL
);


ALTER TABLE public.shift_plan_shift_types OWNER TO shiftplanner;

--
-- Name: shift_plan_shifts; Type: TABLE; Schema: public; Owner: shiftplanner
--

CREATE TABLE public.shift_plan_shifts (
    shift_plan_id bigint NOT NULL,
    shifts_id bigint NOT NULL
);


ALTER TABLE public.shift_plan_shifts OWNER TO shiftplanner;

--
-- Name: shift_trade_request; Type: TABLE; Schema: public; Owner: shiftplanner
--

CREATE TABLE public.shift_trade_request (
    id bigint NOT NULL,
    new_shift_id bigint NOT NULL,
    old_shift_id bigint NOT NULL,
    replying_employee_id bigint NOT NULL,
    requesting_employee_id bigint NOT NULL
);


ALTER TABLE public.shift_trade_request OWNER TO shiftplanner;

--
-- Name: shift_trade_request_id_seq; Type: SEQUENCE; Schema: public; Owner: shiftplanner
--

ALTER TABLE public.shift_trade_request ALTER COLUMN id ADD GENERATED BY DEFAULT AS IDENTITY (
    SEQUENCE NAME public.shift_trade_request_id_seq
    START WITH 1
    INCREMENT BY 1
    NO MINVALUE
    NO MAXVALUE
    CACHE 1
);


--
-- Name: shift_type; Type: TABLE; Schema: public; Owner: shiftplanner
--

CREATE TABLE public.shift_type (
    id bigint NOT NULL,
    shift_end_time time without time zone NOT NULL,
    shift_start_time time without time zone NOT NULL,
    shift_type_color character varying(255),
    target_num_of_emps integer NOT NULL,
    type_name character varying(255),
    shift_type_id bigint
);


ALTER TABLE public.shift_type OWNER TO shiftplanner;

--
-- Name: shift_type_id_seq; Type: SEQUENCE; Schema: public; Owner: shiftplanner
--

ALTER TABLE public.shift_type ALTER COLUMN id ADD GENERATED BY DEFAULT AS IDENTITY (
    SEQUENCE NAME public.shift_type_id_seq
    START WITH 1
    INCREMENT BY 1
    NO MINVALUE
    NO MAXVALUE
    CACHE 1
);


--
-- Data for Name: department; Type: TABLE DATA; Schema: public; Owner: shiftplanner
--

COPY public.department (department_id, abbreviated_name, name, lead_employee_id) FROM stdin;
1	APF	Altenpflege	1
\.


--
-- Data for Name: employee; Type: TABLE DATA; Schema: public; Owner: shiftplanner
--

COPY public.employee (id, base64profile_pic, city, email, first_name, last_name, num_holidays_left, phone, street, username, zipcode, department_id, preferred_shift_type_id) FROM stdin;
1		Sauerthal	skrueger@gmail.com	Krüger	Sabrina	12	06726-890564	Motzstr. 33	krueger_s	65291	\N	\N
2		Kettenkamp	bbeyer@hotmail.de	Beyer	Brigitte	0	05462-7480974	Meinekestraße 67	beyer_b	49577	1	1
3		Saarbrücken Bischmisheim	jmahler@icloud.com	Jens	Mahler	2	0681-474327	Neue Roßstr. 91	mahler_j	66132	1	1
4		Röhrmoos	jschmid@icloud.com	Jessika	Schmid	2	08139-332788	Prager Str 9	schmid_j	85244	1	1
5		Fischbach bei Dahn	phildecker@gmx.de	Philipp	Decker	9	06393-204439	Hardenbergstraße 6	decker_p	66996	1	2
6		Rech	richter_j@gmx.de	Jens	Richter	24	02643-142991	Wallstrasse 61	richter_j	53506	1	3
7		Kößlarn	krisAbt@gmail.com	Kristian	Abt	20	08533-457156	Ziegelstr. 24	abt_k	94149	1	3
8		Hersdorf	claudia.wurfel@gmail.com	Claudia	Wurfel	15	06556-662773	Rudower Strasse 28	wurfel_c	54597	1	\N
9		Dachau	michi.baader@gmail.com	Michelle	Baader	1	08131-669175	Büsingstrasse 68	baader_m	85221	1	\N
\.


--
-- Data for Name: employee_holidays; Type: TABLE DATA; Schema: public; Owner: shiftplanner
--

COPY public.employee_holidays (employee_id, holidays_holiday_id) FROM stdin;
\.


--
-- Data for Name: holiday; Type: TABLE DATA; Schema: public; Owner: shiftplanner
--

COPY public.holiday (holiday_id, employee_id, end_date, request_date, start_date, status, holiday_type_id_id) FROM stdin;
3	3	2022-06-24	2022-06-24 18:06:55.660174	2022-06-24	0	1
\.


--
-- Data for Name: holiday_type; Type: TABLE DATA; Schema: public; Owner: shiftplanner
--

COPY public.holiday_type (id, description, name) FROM stdin;
1	Vertraglich festgehaltender Urlaub	Tarifurlaub
2	Urlaub zum Überstundenausgleich	Sonderurlaub
\.


--
-- Data for Name: message; Type: TABLE DATA; Schema: public; Owner: shiftplanner
--

COPY public.message (id, content, date_time, sending_employee_id, status, type, message_channel_id) FROM stdin;
\.


--
-- Data for Name: message_channel; Type: TABLE DATA; Schema: public; Owner: shiftplanner
--

COPY public.message_channel (id, description, name) FROM stdin;
\.


--
-- Data for Name: message_channel_employees; Type: TABLE DATA; Schema: public; Owner: shiftplanner
--

COPY public.message_channel_employees (message_channel_id, employees_id) FROM stdin;
\.


--
-- Data for Name: shift; Type: TABLE DATA; Schema: public; Owner: shiftplanner
--

COPY public.shift (id, shift_date, shift_type_id) FROM stdin;
1	2022-06-01	1
2	2022-06-01	2
3	2022-06-01	3
4	2022-06-02	1
5	2022-06-02	2
6	2022-06-02	3
7	2022-06-03	1
8	2022-06-03	2
9	2022-06-03	3
10	2022-06-06	1
11	2022-06-06	2
12	2022-06-06	3
13	2022-06-07	1
14	2022-06-07	2
15	2022-06-07	3
16	2022-06-08	1
17	2022-06-08	2
18	2022-06-08	3
19	2022-06-09	1
20	2022-06-09	2
21	2022-06-09	3
22	2022-06-10	1
23	2022-06-10	2
24	2022-06-10	3
25	2022-06-13	1
26	2022-06-13	2
27	2022-06-13	3
28	2022-06-14	1
29	2022-06-14	2
30	2022-06-14	3
31	2022-06-15	1
32	2022-06-15	2
33	2022-06-15	3
34	2022-06-16	1
35	2022-06-16	2
36	2022-06-16	3
37	2022-06-17	1
38	2022-06-17	2
39	2022-06-17	3
40	2022-06-20	1
41	2022-06-20	2
42	2022-06-20	3
43	2022-06-21	1
44	2022-06-21	2
45	2022-06-21	3
46	2022-06-22	1
47	2022-06-22	2
48	2022-06-22	3
49	2022-06-23	1
50	2022-06-23	2
51	2022-06-23	3
52	2022-06-24	1
53	2022-06-24	2
54	2022-06-24	3
55	2022-06-27	1
56	2022-06-27	2
57	2022-06-27	3
58	2022-06-28	1
59	2022-06-28	2
60	2022-06-28	3
61	2022-06-29	1
62	2022-06-29	2
63	2022-06-29	3
64	2022-06-30	1
65	2022-06-30	2
66	2022-06-30	3
\.


--
-- Data for Name: shift_active_employees; Type: TABLE DATA; Schema: public; Owner: shiftplanner
--

COPY public.shift_active_employees (shift_id, active_employees_id) FROM stdin;
1	4
1	2
1	3
1	8
2	5
2	9
3	7
3	6
4	2
4	4
4	3
4	8
5	5
5	9
6	7
6	6
7	2
7	4
7	3
7	9
8	5
8	8
9	6
9	7
10	2
10	4
10	3
10	9
11	5
11	8
12	7
12	6
13	3
13	2
13	4
13	9
14	5
14	8
15	6
15	7
16	2
16	3
16	4
16	8
17	5
17	9
18	7
18	6
19	3
19	2
19	4
19	8
20	5
20	9
21	6
21	7
22	4
22	3
22	2
22	8
23	5
23	9
24	6
24	7
25	2
25	4
25	3
25	8
26	5
26	9
27	7
27	6
28	2
28	4
28	3
28	8
29	5
29	9
30	7
30	6
31	3
31	4
31	2
31	8
32	5
32	9
33	7
33	6
34	3
34	2
34	4
34	9
35	5
35	8
36	6
36	7
37	4
37	2
37	3
37	8
38	5
38	9
39	6
39	7
40	4
40	3
40	2
40	8
41	5
41	9
42	6
42	7
43	2
43	4
43	3
43	9
44	5
44	8
45	7
45	6
46	2
46	3
46	4
46	8
47	5
47	9
48	7
48	6
49	4
49	3
49	2
49	9
50	5
50	8
51	6
51	7
52	4
52	2
52	3
52	8
53	5
53	9
54	7
54	6
55	2
55	4
55	3
55	8
56	5
56	9
57	7
57	6
58	4
58	3
58	2
58	9
59	5
59	8
60	6
60	7
61	4
61	3
61	2
61	9
62	5
62	8
63	7
63	6
64	3
64	4
64	2
64	8
65	5
65	9
66	7
66	6
\.


--
-- Data for Name: shift_plan; Type: TABLE DATA; Schema: public; Owner: shiftplanner
--

COPY public.shift_plan (id, valid_month, department_department_id) FROM stdin;
1	2022-06-01	1
\.


--
-- Data for Name: shift_plan_excluded_weekdays; Type: TABLE DATA; Schema: public; Owner: shiftplanner
--

COPY public.shift_plan_excluded_weekdays (shift_plan_id, excluded_weekdays) FROM stdin;
1	5
1	6
\.


--
-- Data for Name: shift_plan_shift_types; Type: TABLE DATA; Schema: public; Owner: shiftplanner
--

COPY public.shift_plan_shift_types (shift_plan_id, shift_types_id) FROM stdin;
\.


--
-- Data for Name: shift_plan_shifts; Type: TABLE DATA; Schema: public; Owner: shiftplanner
--

COPY public.shift_plan_shifts (shift_plan_id, shifts_id) FROM stdin;
1	1
1	2
1	3
1	4
1	5
1	6
1	7
1	8
1	9
1	10
1	11
1	12
1	13
1	14
1	15
1	16
1	17
1	18
1	19
1	20
1	21
1	22
1	23
1	24
1	25
1	26
1	27
1	28
1	29
1	30
1	31
1	32
1	33
1	34
1	35
1	36
1	37
1	38
1	39
1	40
1	41
1	42
1	43
1	44
1	45
1	46
1	47
1	48
1	49
1	50
1	51
1	52
1	53
1	54
1	55
1	56
1	57
1	58
1	59
1	60
1	61
1	62
1	63
1	64
1	65
1	66
\.


--
-- Data for Name: shift_trade_request; Type: TABLE DATA; Schema: public; Owner: shiftplanner
--

COPY public.shift_trade_request (id, new_shift_id, old_shift_id, replying_employee_id, requesting_employee_id) FROM stdin;
\.


--
-- Data for Name: shift_type; Type: TABLE DATA; Schema: public; Owner: shiftplanner
--

COPY public.shift_type (id, shift_end_time, shift_start_time, shift_type_color, target_num_of_emps, type_name, shift_type_id) FROM stdin;
1	12:00:00	06:00:00	#03BEFC	2	Frühschicht	1
2	18:00:00	12:00:00	#07FC03	2	Spätschicht	1
3	23:00:00	18:00:00	#C03F4	2	Nachtschicht	1
\.


--
-- Name: department_department_id_seq; Type: SEQUENCE SET; Schema: public; Owner: shiftplanner
--

SELECT pg_catalog.setval('public.department_department_id_seq', 1, true);


--
-- Name: employee_id_seq; Type: SEQUENCE SET; Schema: public; Owner: shiftplanner
--

SELECT pg_catalog.setval('public.employee_id_seq', 9, true);


--
-- Name: holiday_holiday_id_seq; Type: SEQUENCE SET; Schema: public; Owner: shiftplanner
--

SELECT pg_catalog.setval('public.holiday_holiday_id_seq', 3, true);


--
-- Name: holiday_type_id_seq; Type: SEQUENCE SET; Schema: public; Owner: shiftplanner
--

SELECT pg_catalog.setval('public.holiday_type_id_seq', 2, true);


--
-- Name: message_channel_id_seq; Type: SEQUENCE SET; Schema: public; Owner: shiftplanner
--

SELECT pg_catalog.setval('public.message_channel_id_seq', 1, false);


--
-- Name: message_id_seq; Type: SEQUENCE SET; Schema: public; Owner: shiftplanner
--

SELECT pg_catalog.setval('public.message_id_seq', 1, false);


--
-- Name: shift_id_seq; Type: SEQUENCE SET; Schema: public; Owner: shiftplanner
--

SELECT pg_catalog.setval('public.shift_id_seq', 66, true);


--
-- Name: shift_plan_id_seq; Type: SEQUENCE SET; Schema: public; Owner: shiftplanner
--

SELECT pg_catalog.setval('public.shift_plan_id_seq', 1, true);


--
-- Name: shift_trade_request_id_seq; Type: SEQUENCE SET; Schema: public; Owner: shiftplanner
--

SELECT pg_catalog.setval('public.shift_trade_request_id_seq', 1, false);


--
-- Name: shift_type_id_seq; Type: SEQUENCE SET; Schema: public; Owner: shiftplanner
--

SELECT pg_catalog.setval('public.shift_type_id_seq', 3, true);


--
-- Name: department department_pkey; Type: CONSTRAINT; Schema: public; Owner: shiftplanner
--

ALTER TABLE ONLY public.department
    ADD CONSTRAINT department_pkey PRIMARY KEY (department_id);


--
-- Name: employee employee_pkey; Type: CONSTRAINT; Schema: public; Owner: shiftplanner
--

ALTER TABLE ONLY public.employee
    ADD CONSTRAINT employee_pkey PRIMARY KEY (id);


--
-- Name: holiday holiday_pkey; Type: CONSTRAINT; Schema: public; Owner: shiftplanner
--

ALTER TABLE ONLY public.holiday
    ADD CONSTRAINT holiday_pkey PRIMARY KEY (holiday_id);


--
-- Name: holiday_type holiday_type_pkey; Type: CONSTRAINT; Schema: public; Owner: shiftplanner
--

ALTER TABLE ONLY public.holiday_type
    ADD CONSTRAINT holiday_type_pkey PRIMARY KEY (id);


--
-- Name: message_channel message_channel_pkey; Type: CONSTRAINT; Schema: public; Owner: shiftplanner
--

ALTER TABLE ONLY public.message_channel
    ADD CONSTRAINT message_channel_pkey PRIMARY KEY (id);


--
-- Name: message message_pkey; Type: CONSTRAINT; Schema: public; Owner: shiftplanner
--

ALTER TABLE ONLY public.message
    ADD CONSTRAINT message_pkey PRIMARY KEY (id);


--
-- Name: shift shift_pkey; Type: CONSTRAINT; Schema: public; Owner: shiftplanner
--

ALTER TABLE ONLY public.shift
    ADD CONSTRAINT shift_pkey PRIMARY KEY (id);


--
-- Name: shift_plan shift_plan_pkey; Type: CONSTRAINT; Schema: public; Owner: shiftplanner
--

ALTER TABLE ONLY public.shift_plan
    ADD CONSTRAINT shift_plan_pkey PRIMARY KEY (id);


--
-- Name: shift_trade_request shift_trade_request_pkey; Type: CONSTRAINT; Schema: public; Owner: shiftplanner
--

ALTER TABLE ONLY public.shift_trade_request
    ADD CONSTRAINT shift_trade_request_pkey PRIMARY KEY (id);


--
-- Name: shift_type shift_type_pkey; Type: CONSTRAINT; Schema: public; Owner: shiftplanner
--

ALTER TABLE ONLY public.shift_type
    ADD CONSTRAINT shift_type_pkey PRIMARY KEY (id);


--
-- Name: shift_plan_shifts uk_1w7lmu8sx3xwrmpge56y3c6i8; Type: CONSTRAINT; Schema: public; Owner: shiftplanner
--

ALTER TABLE ONLY public.shift_plan_shifts
    ADD CONSTRAINT uk_1w7lmu8sx3xwrmpge56y3c6i8 UNIQUE (shifts_id);


--
-- Name: shift_plan_shift_types uk_d2lwvkwvahk2pa023a1h0ij2h; Type: CONSTRAINT; Schema: public; Owner: shiftplanner
--

ALTER TABLE ONLY public.shift_plan_shift_types
    ADD CONSTRAINT uk_d2lwvkwvahk2pa023a1h0ij2h UNIQUE (shift_types_id);


--
-- Name: employee_holidays uk_j03hqp8g92t7cvnbq8ynvvliv; Type: CONSTRAINT; Schema: public; Owner: shiftplanner
--

ALTER TABLE ONLY public.employee_holidays
    ADD CONSTRAINT uk_j03hqp8g92t7cvnbq8ynvvliv UNIQUE (holidays_holiday_id);


--
-- Name: message_channel_employees uk_rmdj723nhtt9f4xc6g6lxx0n6; Type: CONSTRAINT; Schema: public; Owner: shiftplanner
--

ALTER TABLE ONLY public.message_channel_employees
    ADD CONSTRAINT uk_rmdj723nhtt9f4xc6g6lxx0n6 UNIQUE (employees_id);


--
-- Name: shift_plan_excluded_weekdays fk1a7i0us1mf84j77tjpyt08ybo; Type: FK CONSTRAINT; Schema: public; Owner: shiftplanner
--

ALTER TABLE ONLY public.shift_plan_excluded_weekdays
    ADD CONSTRAINT fk1a7i0us1mf84j77tjpyt08ybo FOREIGN KEY (shift_plan_id) REFERENCES public.shift_plan(id);


--
-- Name: employee fk1md2n4vfetup6v5js7v28w38b; Type: FK CONSTRAINT; Schema: public; Owner: shiftplanner
--

ALTER TABLE ONLY public.employee
    ADD CONSTRAINT fk1md2n4vfetup6v5js7v28w38b FOREIGN KEY (preferred_shift_type_id) REFERENCES public.shift_type(id);


--
-- Name: shift_plan_shifts fk48gfuiqk3stt0lqdb09fdy0sj; Type: FK CONSTRAINT; Schema: public; Owner: shiftplanner
--

ALTER TABLE ONLY public.shift_plan_shifts
    ADD CONSTRAINT fk48gfuiqk3stt0lqdb09fdy0sj FOREIGN KEY (shifts_id) REFERENCES public.shift(id);


--
-- Name: department fk7pod4rw0ltypgasnr5ins204k; Type: FK CONSTRAINT; Schema: public; Owner: shiftplanner
--

ALTER TABLE ONLY public.department
    ADD CONSTRAINT fk7pod4rw0ltypgasnr5ins204k FOREIGN KEY (lead_employee_id) REFERENCES public.employee(id);


--
-- Name: shift fk9exbyhm3yeo9p64nbf5ghipcy; Type: FK CONSTRAINT; Schema: public; Owner: shiftplanner
--

ALTER TABLE ONLY public.shift
    ADD CONSTRAINT fk9exbyhm3yeo9p64nbf5ghipcy FOREIGN KEY (shift_type_id) REFERENCES public.shift_type(id);


--
-- Name: message fkakeli30ngt37bmi7d23r0xrkb; Type: FK CONSTRAINT; Schema: public; Owner: shiftplanner
--

ALTER TABLE ONLY public.message
    ADD CONSTRAINT fkakeli30ngt37bmi7d23r0xrkb FOREIGN KEY (message_channel_id) REFERENCES public.message_channel(id);


--
-- Name: employee fkbejtwvg9bxus2mffsm3swj3u9; Type: FK CONSTRAINT; Schema: public; Owner: shiftplanner
--

ALTER TABLE ONLY public.employee
    ADD CONSTRAINT fkbejtwvg9bxus2mffsm3swj3u9 FOREIGN KEY (department_id) REFERENCES public.department(department_id);


--
-- Name: shift_plan_shift_types fkcyuubhgckswhwo1kqxab2ivyy; Type: FK CONSTRAINT; Schema: public; Owner: shiftplanner
--

ALTER TABLE ONLY public.shift_plan_shift_types
    ADD CONSTRAINT fkcyuubhgckswhwo1kqxab2ivyy FOREIGN KEY (shift_types_id) REFERENCES public.shift_type(id);


--
-- Name: shift_active_employees fkdhgia9kxwg1tgqy8wqaapp5dd; Type: FK CONSTRAINT; Schema: public; Owner: shiftplanner
--

ALTER TABLE ONLY public.shift_active_employees
    ADD CONSTRAINT fkdhgia9kxwg1tgqy8wqaapp5dd FOREIGN KEY (active_employees_id) REFERENCES public.employee(id);


--
-- Name: holiday fkf2hlkml07579ptcwvjg30680g; Type: FK CONSTRAINT; Schema: public; Owner: shiftplanner
--

ALTER TABLE ONLY public.holiday
    ADD CONSTRAINT fkf2hlkml07579ptcwvjg30680g FOREIGN KEY (holiday_type_id_id) REFERENCES public.holiday_type(id);


--
-- Name: shift_trade_request fkfa3ljemu4jpp2lxw5g5g793mt; Type: FK CONSTRAINT; Schema: public; Owner: shiftplanner
--

ALTER TABLE ONLY public.shift_trade_request
    ADD CONSTRAINT fkfa3ljemu4jpp2lxw5g5g793mt FOREIGN KEY (old_shift_id) REFERENCES public.shift(id);


--
-- Name: holiday fkfcn4ebwwpcrk1dbvjqr760hyg; Type: FK CONSTRAINT; Schema: public; Owner: shiftplanner
--

ALTER TABLE ONLY public.holiday
    ADD CONSTRAINT fkfcn4ebwwpcrk1dbvjqr760hyg FOREIGN KEY (employee_id) REFERENCES public.employee(id) ON DELETE CASCADE;


--
-- Name: shift_trade_request fkgi0q9rtuv3v4u3efvs9x6i5si; Type: FK CONSTRAINT; Schema: public; Owner: shiftplanner
--

ALTER TABLE ONLY public.shift_trade_request
    ADD CONSTRAINT fkgi0q9rtuv3v4u3efvs9x6i5si FOREIGN KEY (requesting_employee_id) REFERENCES public.employee(id);


--
-- Name: employee_holidays fkh1oolmvmf0ckfuxrkk52vff3q; Type: FK CONSTRAINT; Schema: public; Owner: shiftplanner
--

ALTER TABLE ONLY public.employee_holidays
    ADD CONSTRAINT fkh1oolmvmf0ckfuxrkk52vff3q FOREIGN KEY (holidays_holiday_id) REFERENCES public.holiday(holiday_id);


--
-- Name: employee_holidays fkhd71f449urrf9tsu09b2jytcq; Type: FK CONSTRAINT; Schema: public; Owner: shiftplanner
--

ALTER TABLE ONLY public.employee_holidays
    ADD CONSTRAINT fkhd71f449urrf9tsu09b2jytcq FOREIGN KEY (employee_id) REFERENCES public.employee(id);


--
-- Name: shift_type fkia09o4ec2r5np36hke595v7md; Type: FK CONSTRAINT; Schema: public; Owner: shiftplanner
--

ALTER TABLE ONLY public.shift_type
    ADD CONSTRAINT fkia09o4ec2r5np36hke595v7md FOREIGN KEY (shift_type_id) REFERENCES public.department(department_id) ON DELETE CASCADE;


--
-- Name: shift_active_employees fkk68tjvk7bs2xor0m9w2rtsnk9; Type: FK CONSTRAINT; Schema: public; Owner: shiftplanner
--

ALTER TABLE ONLY public.shift_active_employees
    ADD CONSTRAINT fkk68tjvk7bs2xor0m9w2rtsnk9 FOREIGN KEY (shift_id) REFERENCES public.shift(id);


--
-- Name: shift_plan_shift_types fklccuo6id6hdhle08legh1v75q; Type: FK CONSTRAINT; Schema: public; Owner: shiftplanner
--

ALTER TABLE ONLY public.shift_plan_shift_types
    ADD CONSTRAINT fklccuo6id6hdhle08legh1v75q FOREIGN KEY (shift_plan_id) REFERENCES public.shift_plan(id);


--
-- Name: message_channel_employees fkn58t55xyaa2m1dlexiepqbidb; Type: FK CONSTRAINT; Schema: public; Owner: shiftplanner
--

ALTER TABLE ONLY public.message_channel_employees
    ADD CONSTRAINT fkn58t55xyaa2m1dlexiepqbidb FOREIGN KEY (employees_id) REFERENCES public.employee(id);


--
-- Name: shift_plan_shifts fkn8rbrh3jeqkuecckxjdmlk0e0; Type: FK CONSTRAINT; Schema: public; Owner: shiftplanner
--

ALTER TABLE ONLY public.shift_plan_shifts
    ADD CONSTRAINT fkn8rbrh3jeqkuecckxjdmlk0e0 FOREIGN KEY (shift_plan_id) REFERENCES public.shift_plan(id);


--
-- Name: shift_trade_request fkq59kqn95r4dio9fixn6idlr37; Type: FK CONSTRAINT; Schema: public; Owner: shiftplanner
--

ALTER TABLE ONLY public.shift_trade_request
    ADD CONSTRAINT fkq59kqn95r4dio9fixn6idlr37 FOREIGN KEY (replying_employee_id) REFERENCES public.employee(id);


--
-- Name: shift_trade_request fkq9n1kohupaotusubbu57wsx3b; Type: FK CONSTRAINT; Schema: public; Owner: shiftplanner
--

ALTER TABLE ONLY public.shift_trade_request
    ADD CONSTRAINT fkq9n1kohupaotusubbu57wsx3b FOREIGN KEY (new_shift_id) REFERENCES public.shift(id);


--
-- Name: shift_plan fkqulb9g9ufl889y0e1hphvdlqd; Type: FK CONSTRAINT; Schema: public; Owner: shiftplanner
--

ALTER TABLE ONLY public.shift_plan
    ADD CONSTRAINT fkqulb9g9ufl889y0e1hphvdlqd FOREIGN KEY (department_department_id) REFERENCES public.department(department_id);


--
-- Name: message_channel_employees fksnc8g4j3u5q8sndav3o6ortah; Type: FK CONSTRAINT; Schema: public; Owner: shiftplanner
--

ALTER TABLE ONLY public.message_channel_employees
    ADD CONSTRAINT fksnc8g4j3u5q8sndav3o6ortah FOREIGN KEY (message_channel_id) REFERENCES public.message_channel(id);


--
-- PostgreSQL database dump complete
--

